"Dim1","Val"
"2010",4.49908300315143
"2012",2.75835308832431
"2014",4.01128221461297
"2016",2.06944849279468
"2018",2.5194118165135
"2020",1.65112003534756
"2022",2.69914196146543
"2024",1.84580455824014
"2026",1.77477633046044
"2028",1.55624641934193
"2030",1.54910345569374
"2035",1.35378687443577
"2040",1.11959308402911
"2045",1.04206810627098
"2050",0.870645560121003
