{"NGCC": {"heat_rate_btu_wh": {"Advanced": [6.36, 6.36, 6.36, 6.36, 6.36, 6.36, 6.36, 6.36, 6.36, 6.36, 6.36, 6.36, 6.36, 6.36, 6.36, 6.36, 6.36, 6.36, 6.36, 6.36, 6.36, 6.36, 6.36, 6.36, 6.36, 6.36, 6.36, 6.36, 6.36, 6.36, 6.36], "Moderate": [6.36, 6.36, 6.36, 6.36, 6.36, 6.36, 6.36, 6.36, 6.36, 6.36, 6.36, 6.36, 6.36, 6.36, 6.36, 6.36, 6.36, 6.36, 6.36, 6.36, 6.36, 6.36, 6.36, 6.36, 6.36, 6.36, 6.36, 6.36, 6.36, 6.36, 6.36], "Conservative": [6.36, 6.36, 6.36, 6.36, 6.36, 6.36, 6.36, 6.36, 6.36, 6.36, 6.36, 6.36, 6.36, 6.36, 6.36, 6.36, 6.36, 6.36, 6.36, 6.36, 6.36, 6.36, 6.36, 6.36, 6.36, 6.36, 6.36, 6.36, 6.36, 6.36, 6.36]}, "full_cap_elec_out_mwh_yr": 6368520, "elec_out_mwh_yr": 744600.0, "output_kw": 85000.0, "CO2_out_kg_mwh": 342.1635405967273, "H2O_in_tgal_mwh": 0.119784502521779}, "CCS": {"heat_rate_btu_wh": {"Advanced": [7.16, 7.16, 7.16, 7.16, 7.16, 7.16, 7.02, 6.87, 6.73, 6.58, 6.44, 6.29, 6.15, 6, 5.84, 5.67, 5.51, 5.34, 5.18, 5.18, 5.18, 5.18, 5.18, 5.18, 5.18, 5.18, 5.18, 5.18, 5.18, 5.18, 5.18], "Moderate": [7.16, 7.16, 7.16, 7.16, 7.16, 7.16, 7.09, 7.02, 6.94, 6.87, 6.8, 6.73, 6.65, 6.58, 6.5, 6.42, 6.33, 6.25, 6.17, 6.17, 6.17, 6.17, 6.17, 6.17, 6.17, 6.17, 6.17, 6.17, 6.17, 6.17, 6.17], "Conservative": [7.16, 7.16, 7.16, 7.16, 7.16, 7.16, 7.16, 7.16, 7.16, 7.16, 7.16, 7.16, 7.16, 7.16, 7.16, 7.16, 7.16, 7.16, 7.16, 7.16, 7.16, 7.16, 7.16, 7.16, 7.16, 7.16, 7.16, 7.16, 7.16, 7.16, 7.16]}, "full_cap_elec_out_mwh_yr": 5658960, "elec_out_mwh_yr": 661639.0646492435, "output_kw": 75529.57359009629, "CO2_out_kg_mwh": 346.4973683823884, "H2O_in_tgal_mwh": 0.22168472652218785}, "PV": {"bifaciality": {"Advanced": [0, 0.08499999999999999, 0.16999999999999998, 0.255, 0.33999999999999997, 0.425, 0.51, 0.595, 0.6799999999999999, 0.7649999999999999, 0.85, 0.85, 0.85, 0.85, 0.85, 0.85, 0.85, 0.85, 0.85, 0.85, 0.85, 0.85, 0.85, 0.85, 0.85, 0.85, 0.85, 0.85, 0.85, 0.85, 0.85], "Moderate": [0, 0.08499999999999999, 0.16999999999999998, 0.255, 0.33999999999999997, 0.425, 0.51, 0.595, 0.6799999999999999, 0.7649999999999999, 0.85, 0.85, 0.85, 0.85, 0.85, 0.85, 0.85, 0.85, 0.85, 0.85, 0.85, 0.85, 0.85, 0.85, 0.85, 0.85, 0.85, 0.85, 0.85, 0.85, 0.85], "Conservative": [0, 0, 0, 0, 0, 0, 0, 0, 0, 0, 0, 0, 0, 0, 0, 0, 0, 0, 0, 0, 0, 0, 0, 0, 0, 0, 0, 0, 0, 0, 0]}, "albedo": {"Advanced": [0.2, 0.21000000000000002, 0.22, 0.23, 0.24, 0.25, 0.26, 0.27, 0.28, 0.29, 0.3, 0.3, 0.3, 0.3, 0.3, 0.3, 0.3, 0.3, 0.3, 0.3, 0.3, 0.3, 0.3, 0.3, 0.3, 0.3, 0.3, 0.3, 0.3, 0.3, 0.3], "Moderate": [0.2, 0.2, 0.2, 0.2, 0.2, 0.2, 0.2, 0.2, 0.2, 0.2, 0.2, 0.2, 0.2, 0.2, 0.2, 0.2, 0.2, 0.2, 0.2, 0.2, 0.2, 0.2, 0.2, 0.2, 0.2, 0.2, 0.2, 0.2, 0.2, 0.2, 0.2], "Conservative": [0.2, 0.2, 0.2, 0.2, 0.2, 0.2, 0.2, 0.2, 0.2, 0.2, 0.2, 0.2, 0.2, 0.2, 0.2, 0.2, 0.2, 0.2, 0.2, 0.2, 0.2, 0.2, 0.2, 0.2, 0.2, 0.2, 0.2, 0.2, 0.2, 0.2, 0.2]}, "losses": {"Advanced": [0.143, 0.1362, 0.1294, 0.12259999999999999, 0.11579999999999999, 0.10899999999999999, 0.1022, 0.0954, 0.0886, 0.0818, 0.075, 0.075, 0.075, 0.075, 0.075, 0.075, 0.075, 0.075, 0.075, 0.075, 0.075, 0.075, 0.075, 0.075, 0.075, 0.075, 0.075, 0.075, 0.075, 0.075, 0.075], "Moderate": [0.143, 0.1391, 0.1352, 0.1313, 0.12739999999999999, 0.1235, 0.11959999999999998, 0.1157, 0.1118, 0.1079, 0.104, 0.104, 0.104, 0.104, 0.104, 0.104, 0.104, 0.104, 0.104, 0.104, 0.104, 0.104, 0.104, 0.104, 0.104, 0.104, 0.104, 0.104, 0.104, 0.104, 0.104], "Conservative": [0.143, 0.143, 0.143, 0.143, 0.143, 0.143, 0.143, 0.143, 0.143, 0.143, 0.143, 0.143, 0.143, 0.143, 0.143, 0.143, 0.143, 0.143, 0.143, 0.143, 0.143, 0.143, 0.143, 0.143, 0.143, 0.143, 0.143, 0.143, 0.143, 0.143, 0.143]}, "dc_degradation": {"Advanced": [0.007, 0.006500000000000001, 0.006, 0.0055, 0.005, 0.0045000000000000005, 0.004, 0.0034999999999999996, 0.003, 0.0025000000000000005, 0.002, 0.002, 0.002, 0.002, 0.002, 0.002, 0.002, 0.002, 0.002, 0.002, 0.002, 0.002, 0.002, 0.002, 0.002, 0.002, 0.002, 0.002, 0.002, 0.002, 0.002], "Moderate": [0.007, 0.0068000000000000005, 0.0066, 0.0064, 0.0062, 0.006, 0.0058, 0.0056, 0.0054, 0.0052, 0.005, 0.005, 0.005, 0.005, 0.005, 0.005, 0.005, 0.005, 0.005, 0.005, 0.005, 0.005, 0.005, 0.005, 0.005, 0.005, 0.005, 0.005, 0.005, 0.005, 0.005], "Conservative": [0.007, 0.007, 0.007, 0.007, 0.007, 0.007, 0.007, 0.007, 0.007, 0.007, 0.007, 0.007, 0.007, 0.007, 0.007, 0.007, 0.007, 0.007, 0.007, 0.007, 0.007, 0.007, 0.007, 0.007, 0.007, 0.007, 0.007, 0.007, 0.007, 0.007, 0.007]}, "capacity_factor": {"Advanced": [0.23653284938051455, 0.2407519781827781, 0.24497110698504165, 0.2491902357873052, 0.25340936458956875, 0.2576284933918323, 0.26184762219409585, 0.2660667509963594, 0.27028587979862295, 0.2745050086008865, 0.27872413740314994, 0.2793300594409829, 0.2799359814788158, 0.28054190351664876, 0.2811478255544817, 0.28175374759231464, 0.2823596696301476, 0.2829655916679805, 0.28357151370581346, 0.2841774357436464, 0.28478335778147934, 0.2853892798193123, 0.2859952018571452, 0.28660112389497816, 0.2872070459328111, 0.28781296797064404, 0.288418890008477, 0.2890248120463099, 0.28963073408414286, 0.2902366561219758, 0.29084257815980863], "Moderate": [0.2348210354848339, 0.2373283503914168, 0.2398356652979997, 0.24234298020458261, 0.24485029511116552, 0.24735761001774842, 0.24986492492433132, 0.2523722398309142, 0.2548795547374971, 0.25738686964408003, 0.25989418455066293, 0.2608356821932873, 0.26177717983591164, 0.262718677478536, 0.26366017512116036, 0.2646016727637847, 0.26554317040640907, 0.2664846680490334, 0.2674261656916578, 0.26836766333428214, 0.2693091609769065, 0.27025065861953085, 0.2711921562621552, 0.27213365390477956, 0.2730751515474039, 0.27401664919002827, 0.27495814683265263, 0.275899644475277, 0.27684114211790134, 0.2777826397605257, 0.27872413740314994], "Conservative": [0.232313720578251, 0.232313720578251, 0.232313720578251, 0.232313720578251, 0.232313720578251, 0.232313720578251, 0.232313720578251, 0.232313720578251, 0.232313720578251, 0.232313720578251, 0.232313720578251, 0.2336927437768716, 0.2350717669754922, 0.2364507901741128, 0.2378298133727334, 0.239208836571354, 0.2405878597699746, 0.2419668829685952, 0.2433459061672158, 0.2447249293658364, 0.246103952564457, 0.2474829757630776, 0.2488619989616982, 0.2502410221603188, 0.2516200453589394, 0.25299906855756, 0.2543780917561806, 0.2557571149548012, 0.2571361381534218, 0.2585151613520424, 0.25989418455066293]}}, "LBW": {"hub_height": {"Advanced": [90.2, 94.68, 99.16, 103.64, 108.12, 112.6, 117.08, 121.56, 126.03999999999999, 130.52, 135, 135, 135, 135, 135, 135, 135, 135, 135, 135, 135, 135, 135, 135, 135, 135, 135, 135, 135, 135, 135], "Moderate": [90.2, 93.18, 96.16, 99.14, 102.12, 105.10000000000001, 108.08, 111.06, 114.03999999999999, 117.02000000000001, 120, 120, 120, 120, 120, 120, 120, 120, 120, 120, 120, 120, 120, 120, 120, 120, 120, 120, 120, 120, 120], "Conservative": [90.2, 92.18, 94.16, 96.14, 98.12, 100.1, 102.08, 104.06, 106.04, 108.02000000000001, 110, 110, 110, 110, 110, 110, 110, 110, 110, 110, 110, 110, 110, 110, 110, 110, 110, 110, 110, 110, 110]}, "rotor_diameter": {"Advanced": [124.9, 132.41, 139.92000000000002, 147.43, 154.94, 162.45, 169.96, 177.47, 184.98000000000002, 192.49, 200, 200, 200, 200, 200, 200, 200, 200, 200, 200, 200, 200, 200, 200, 200, 200, 200, 200, 200, 200, 200], "Moderate": [124.9, 129.91, 134.92000000000002, 139.93, 144.94, 149.95, 154.96, 159.97, 164.98000000000002, 169.99, 175, 175, 175, 175, 175, 175, 175, 175, 175, 175, 175, 175, 175, 175, 175, 175, 175, 175, 175, 175, 175], "Conservative": [124.9, 127.41000000000001, 129.92000000000002, 132.43, 134.94, 137.45, 139.96, 142.47, 144.98, 147.49, 150, 150, 150, 150, 150, 150, 150, 150, 150, 150, 150, 150, 150, 150, 150, 150, 150, 150, 150, 150, 150]}, "turbine_rating_kw": {"Advanced": [2800, 3220, 3640, 4060, 4480, 4900, 5320, 5740, 6160, 6580, 7000, 7000, 7000, 7000, 7000, 7000, 7000, 7000, 7000, 7000, 7000, 7000, 7000, 7000, 7000, 7000, 7000, 7000, 7000, 7000, 7000],