{"NGCC": {"heat_rate_btu_wh": {"Advanced": [6.36, 6.36], "Moderate": [6.36, 6.36], "Conservative": [6.36, 6.36]}, "full_cap_elec_out_mwh_yr": 6368520, "elec_out_mwh_yr": 744600.0, "output_kw": 85000.0, "CO2_out_kg_mwh": 342.1635405967273, "H2O_in_tgal_mwh": 0.119784502521779, "NG_kg_yr_in": {"Advanced": [106080705.29426752, 106080705.29426752], "Moderate": [106080705.29426752, 106080705.29426752], "Conservative": [106080705.29426752, 106080705.29426752]}}, "CCS": {"heat_rate_btu_wh": {"Advanced": [7.16, 5.18], "Moderate": [7.16, 6.17], "Conservative": [7.16, 7.16]}, "full_cap_elec_out_mwh_yr": 5658960, "elec_out_mwh_yr": 661639.0646492435, "output_kw": 75529.57359009629, "CO2_out_kg_mwh": 346.4973683823884, "H2O_in_tgal_mwh": 0.22168472652218785, "NG_kg_yr_in": {"Advanced": [106118331.35222143, 76772759.27437249], "Moderate": [106118331.35222143, 91445545.31329696], "Conservative": [106118331.35222143, 106118331.35222143]}}, "PV": {"bifaciality": {"Advanced": [0, 0.85], "Moderate": [0, 0.85], "Conservative": [0, 0]}, "albedo": {"Advanced": [0.2, 0.3], "Moderate": [0.2, 0.2], "Conservative": [0.2, 0.2]}, "losses": {"Advanced": [14.3, 7.5], "Moderate": [14.3, 10.4], "Conservative": [14.3, 14.3]}, "dc_degradation": {"Advanced": [0.7, 0.2], "Moderate": [0.7, 0.5], "Conservative": [0.7, 0.7]}, "inv_eff": {"Advanced": [96, 98.5], "Moderate": [96, 98], "Conservative": [96, 96]}, "capacity_factor": {"Advanced": [0.24546183884659542, 0.30182173104905075], "Moderate": [0.24368540488531945, 0.2892458255886736], "Conservative": [0.24108344017238761, 0.2697050520146378]}, "array_type": {"Advanced": 2, "Moderate": 2, "Conservative": 2}, "azimuth": {"Advanced": 180, "Moderate": 180, "Conservative": 180}, "dc_ac_ratio": {"Advanced": 1.28, "Moderate": 1.28, "Conservative": 1.28}}, "LBW": {"hub_height": {"Advanced": [90.2, 135], "Moderate": [90.2, 120], "Conservative": [90.2, 110]}, "rotor_diameter": {"Advanced": [124.9, 200], "Moderate": [124.9, 175], "Conservative": [124.9, 150]}, "turbine_rating_kw": {"Advanced": [2800, 7000], "Moderate": [2800, 5500], "Conservative": [2800, 4000]}, "capacity_factor": {"Advanced": [0.437, 0.5223697500000001], "Moderate": [0.437, 0.4823732], "Conservative": [0.437, 0.44549898749999994]}, "wind_turbine_max_cp": {"Advanced": 0.45, "Moderate": 0.45, "Conservative": 0.45}, "avail_bop_loss": {"Advanced": 0, "Moderate": 0, "Conservative": 0}, "avail_grid_loss": {"Advanced": 0, "Moderate": 0, "Conservative": 0}, "avail_turb_loss": {"Advanced": 0, "Moderate": 0, "Conservative": 0}, "elec_eff_loss": {"Advanced": 0, "Moderate": 0, "Conservative": 0}, "elec_parasitic_loss": {"Advanced": 0, "Moderate": 0, "Conservative": 0}, "env_degrad_loss": {"Advanced": 0, "Moderate": 0, "Conservative": 0}, "env_env_loss": {"Advanced": 0, "Moderate": 0, "Conservative": 0}, "env_icing_loss": {"Advanced": 0, "Moderate": 0, "Conservative": 0}, "ops_env_loss": {"Advanced": 0, "Moderate": 0, "Conservative": 0}, "ops_grid_loss": {"Advanced": 0, "Moderate": 0, "Conservative": 0}, "ops_load_loss": {"Advanced": 0, "Moderate": 0, "Conservative": 0}, "turb_generic_loss": {"Advanced": 0, "Moderate": 0, "Conservative": 0}, "turb_hysteresis_loss": {"Advanced": 0, "Moderate": 0, "Conservative": 0}, "turb_perf_loss": {"Advanced": 0, "Moderate": 0, "Conservative": 0}, "turb_specific_loss": {"Advanced": 0, "Moderate": 0, "Conservative": 0}, "wake_ext_loss": {"Advanced": 0, "Moderate": 0, "Conservative": 0}}, "OSW": {"hub_height": {"Advanced": [102, 161], "Moderate": [102, 150], "Conservative": [102, 136]}, "rotor_diameter": {"Advanced": [159, 263], "Moderate": [159, 240], "Conservative": [159, 214]}, "turbine_rating_kw": {"Advanced": [8000, 18000], "Moderate": [8000, 15000], "Conservative": [8000, 12000]}, "capacity_factor": {"Advanced": [0.44907588276565047, 0.5586526815845119], "Moderate": [0.44568740778784954, 0.5322768477268028], "Conservative": [0.43726833246992336, 0.4748825990440661]}, "wind_turbine_max_cp": {"Advanced": 0.45, "Moderate": 0.45, "Conservative": 0.45}, "avail_bop_loss": {"Advanced": 0, "Moderate": 0, "Conservative": 0}, "avail_grid_loss": {"Advanced": 0, "Moderate": 0, "Conservative": 0}, "avail_turb_loss": {"Advanced": 0, "Moderate": 0, "Conservative": 0}, "elec_eff_loss": {"Advanced": 0, "Moderate": 0, "Conservative": 0}, "elec_parasitic_loss": {"Advanced": 0, "Moderate": 0, "Conservative": 0}, "env_degrad_loss": {"Advanced": 0, "Moderate": 0, "Conservative": 0}, "env_env_loss": {"Advanced": 0, "Moderate": 0, "Conservative": 0}, "env_icing_loss": {"Advanced": 0, "Moderate": 0, "Conservative": 0}, "ops_env_loss": {"Advanced": 0, "Moderate": 0, "Conservative": 0}, "ops_grid_loss": {"Advanced": 0, "Moderate": 0, "Conservative": 0}, "ops_load_loss": {"Advanced": 0, "Moderate": 0, "Conservative": 0}, "turb_generic_loss": {"Advanced": 0, "Moderate": 0, "Conservative": 0}, "turb_hysteresis_loss": {"Advanced": 0, "Moderate": 0, "Conservative": 0}, "turb_perf_loss": {"Advanced": 0, "Moderate": 0, "Conservative": 0}, "turb_specific_loss": {"Advanced": 0, "Moderate": 0, "Conservative": 0}, "wake_ext_loss": {"Advanced": 0, "Moderate": 0, "Conservative": 0}}, "MSMR": {"MeOH_LHV_MJ_kg": 20.1, "CO2 source": "NGCC", "CO2_kg_yr_in": {"Great": 0.0, "Good": 0.0, "OK": 0.0}, "H2_kg_yr_in": {"Great": 0.0, "Good": 0.0, "OK": 0.0}, "H2O_kg_yr_in": {"Great": 3390629.5911000003, "Good": 3390629.5911000003, "OK": 3390629.5911000003}, "NG_kg_yr_in": {"Great": 2582618428.806794, "Good": 2582618428.806794, "OK": 2582618428.806794}, "Stack_CO2_kg_yr": {"Great": 843277546.4970239, "Good": 843277546.4970239, "OK": 843277546.4970239}, "TS_CO2_kg_yr": {"Great": 0.0, "Good": 0.0, "OK": 0.0}, "cat_kg_yr": {"Great": 57672.92145392638, "Good": 57672.92145392638, "OK": 57672.92145392638}, "MeOH_kg_yr": {"Great": 3365088950.335392, "Good": 3365088950.335392, "OK": 3365088950.335392}, "elec_in_kw": {"Great": 0, "Good": 0, "OK": 0}, "elec_out_kw": {"Great": 114916.66666666667, "Good": 114916.66666666667, "OK": 114916.66666666667}, "elec_in_mwh_yr": {"Great": 0.0, "Good": 0.0, "OK": 0.0}, "elec_out_mwh_yr": {"Great": 1006670.0, "Good": 1006670.0, "OK": 1006670.0}, "output_kw": {"Great": 2144796.0395022, "Good": 2144796.0395022, "OK": 2144796.0395022}}, "MSMC": {"MeOH_LHV_MJ_kg": 20.1, "CO2 source": "NGCC", "CO2_kg_yr_in": {"Great": 0.0, "Good": 0.0, "OK": 0.0}, "H2_kg_yr_in": {"Great": 0.0, "Good": 0.0, "OK": 0.0}, "H2O_kg_yr_in": {"Great": 3390629.5911000003, "Good": 3390629.5911000003, "OK": 3390629.5911000003}, "NG_kg_yr_in": {"Great": 2582618428.806794, "Good": 2582618428.806794, "OK": 2582618428.806794}, "Stack_CO2_kg_yr": {"Great": 0.0, "Good": 0.0, "OK": 0.0}, "TS_CO2_kg_yr": {"Great": 843277546.4970239, "Good": 843277546.4970239, "OK": 843277546.4970239}, "cat_kg_yr": {"Great": 57672.92145392638, "Good": 57672.92145392638, "OK": 57672.92145392638}, "MeOH_kg_yr": {"Great": 3365088950.335392, "Good": 3365088950.335392, "OK": 3365088950.335392}, "elec_in_kw": {"Great": 0, "Good": 0, "OK": 0}, "elec_out_kw": {"Great": 114916.66666666667, "Good": 114916.66666666667, "OK": 114916.66666666667}, "elec_in_mwh_yr": {"Great": 0.0, "Good": 0.0, "OK": 0.0}, "elec_out_mwh_yr": {"Great": 1006670.0, "Good": 1006670.0, "OK": 1006670.0}, "output_kw": {"Great": 2144796.0395022, "Good": 2144796.0395022, "OK": 2144796.0395022}}, "MCO2": {"MeOH_LHV_MJ_kg": 20.1, "CO2 source": "CCS", "CO2_kg_yr_in": {"Great": 229256194.71994781, "Good": 229256194.71994781, "OK": 229256194.71994781}, "H2_kg_yr_in": {"Great": 32657110.056742746, "Good": 32657110.056742746, "OK": 32657110.056742746}, "H2O_kg_yr_in": {"Great": 186362639.66818273, "Good": 186362639.66818273, "OK": 186362639.66818273}, "NG_kg_yr_in": {"Great": 0.0, "Good": 0.0, "OK": 0.0}, "Stack_CO2_kg_yr": {"Great": 2674929.115200529, "Good": 2674929.115200529, "OK": 2674929.115200529}, "TS_CO2_kg_yr": {"Great": 0.0, "Good": 0.0, "OK": 0.0}, "cat_kg_yr": {"Great": 4102.652017178737, "Good": 4102.652017178737, "OK": 4102.652017178737},