{"NGCC": {"OCC_$_kw": {"Advanced": [947.0, 764.0], "Moderate": [947.0, 764.0], "Conservative": [947.0, 764.0]}, "FOM_$_kwyr": 27.613578653922744, "FOM_$_yr": 2761357.865392274, "VOM_other_$_mwh": 1.5227870330545603, "OCC_$": {"Advanced": [94700000.0, 76400000.0], "Moderate": [94700000.0, 76400000.0], "Conservative": [94700000.0, 76400000.0]}, "VOM_H2O_$_mwh": {"Advanced": [0.30664832645575424, 0.30664832645575424], "Moderate": [0.30664832645575424, 0.30664832645575424], "Conservative": [0.30664832645575424, 0.30664832645575424]}, "VOM_H2O_$_yr": {"Advanced": [228330.34387895462, 228330.34387895462], "Moderate": [228330.34387895462, 228330.34387895462], "Conservative": [228330.34387895462, 228330.34387895462]}, "VOM_NG_$_mwh": {"Advanced": [14.588319896845201, 14.593927816224], "Moderate": [14.588319896845201, 14.593927816224], "Conservative": [14.588319896845201, 14.593927816224]}, "VOM_NG_$_yr": {"Advanced": [10862462.995190937, 10866638.65196039], "Moderate": [10862462.995190937, 10866638.65196039], "Conservative": [10862462.995190937, 10866638.65196039]}, "VOM_$_mwh": {"Advanced": [16.417755256355516, 16.423363175734313], "Moderate": [16.417755256355516, 16.423363175734313], "Conservative": [16.417755256355516, 16.423363175734313]}, "VOM_$_yr": {"Advanced": [12224660.563882317, 12228836.22065177], "Moderate": [12224660.563882317, 12228836.22065177], "Conservative": [12224660.563882317, 12228836.22065177]}, "basis_year": 2020, "plant_lifespan": 30, "discount_rate": 0.0707, "TASC_multiplier": 1.093}, "CCS": {"OCC_$_kw": {"Advanced": [2399.0, 1148.0], "Moderate": [2399.0, 1443.0], "Conservative": [2399.0, 1737.0]}, "FOM_$_kwyr": 65.87083552369575, "FOM_$_yr": 5853171.904856595, "VOM_other_$_mwh": 5.372238630027877, "OCC_$": {"Advanced": [213171114.16781294, 102009353.50756535], "Moderate": [213171114.16781294, 128222558.4594223], "Conservative": [213171114.16781294, 154346905.08940852]}, "VOM_H2O_$_mwh": {"Advanced": [0.5675128998968009, 0.5675128998968009], "Moderate": [0.5675128998968009, 0.5675128998968009], "Conservative": [0.5675128998968009, 0.5675128998968009]}, "VOM_H2O_$_yr": {"Advanced": [375488.70426409907, 375488.70426409907], "Moderate": [375488.70426409907, 375488.70426409907], "Conservative": [375488.70426409907, 375488.70426409907]}, "VOM_NG_$_mwh": {"Advanced": [16.4233286889012, 11.886249384911999], "Moderate": [16.4233286889012, 14.157945695928], "Conservative": [16.4233286889012, 16.429642006944]}, "VOM_NG_$_yr": {"Advanced": [10866315.832151677, 7864406.92522082], "Moderate": [10866315.832151677, 9367449.947608585], "Conservative": [10866315.832151677, 10870492.969996348]}, "VOM_$_mwh": {"Advanced": [22.36308021882588, 17.826000914836676], "Moderate": [22.36308021882588, 20.097697225852677], "Conservative": [22.36308021882588, 22.369393536868678]}, "VOM_$_yr": {"Advanced": [14796287.478659954, 11794378.571729098], "Moderate": [14796287.478659954, 13297421.594116861], "Conservative": [14796287.478659954, 14800464.616504624]}, "basis_year": 2020, "plant_lifespan": 30, "discount_rate": 0.0707, "TASC_multiplier": 1.093}, "PV": {"OCC_$_kw": {"Advanced": [1302.7736478333236, 455.02234400698256], "Moderate": [1302.7736478333236, 603.4605339663697], "Conservative": [1302.7736478333236, 734.3308689466195]}, "FOM_$_kwyr": {"Advanced": [22.62369024, 10.8626238684504], "Moderate": [22.62369024, 13.252328128517522], "Conservative": [22.62369024, 15.221571729346822]}, "VOM_$_mwh": {"Advanced": [0.0, 0.0], "Moderate": [0.0, 0.0], "Conservative": [0.0, 0.0]}, "OCC_bos_ratio": {"Advanced": 0.2247191011235955, "Moderate": 0.2247191011235955, "Conservative": 0.2247191011235955}, "basis_year": 2020, "plant_lifespan": 30, "discount_rate": 0.0707, "TASC_multiplier": 1.093}, "LBW": {"OCC_$_kw": {"Advanced": [1405.1658156023161, 504.59100765473045], "Moderate": [1405.1658156023161, 730.4555539382765], "Conservative": [1405.1658156023161, 865.0131559795379]}, "FOM_$_kwyr": {"Advanced": [43.0, 24.066], "Moderate": [43.0, 33.1075], "Conservative": [43.0, 41.0495]}, "VOM_$_mwh": {"Advanced": [0.0, 0.0], "Moderate": [0.0, 0.0], "Conservative": [0.0, 0.0]}, "OCC_bos_ratio": {"Advanced": 0.22024623803009577, "Moderate": 0.22024623803009577, "Conservative": 0.22024623803009577}, "basis_year": 2020, "plant_lifespan": 30, "discount_rate": 0.0707, "TASC_multiplier": 1.093}, "OSW": {"OCC_$_kw": {"Advanced": [2239.8312000480782, 1261.3901773026737], "Moderate": [2351.3176850846603, 1459.0433446919383], "Conservative": [2556.020818750216, 1920.2384782937263]}, "FOM_$_kwyr": {"Advanced": [102.33303645943096, 57.74273435761705], "Moderate": [107.23280416179153, 67.61878796579502], "Conservative": [116.05333110108563, 89.57329922211657]}, "VOM_$_mwh": {"Advanced": [0.0, 0.0], "Moderate": [0.0, 0.0], "Conservative": [0.0, 0.0]}, "basis_year": 2020, "plant_lifespan": 30, "discount_rate": 0.0707, "TASC_multiplier": 1.093}, "MCO2": {"capex_mil_kt_y_A": 4.32609069398731, "capex_mil_kt_y_B": 0.2734229091112906, "OCC_$_kw": {"Great": 1682.8303547831854, "Good": 1682.8303547831854, "OK": 1682.8303547831854}, "OCC_$": {"Great": 176016937.7566958, "Good": 176016937.7566958, "OK": 176016937.7566958}, "FOM_$_kwyr": {"Great": 33.24702074298149, "Good": 33.24702074298149, "OK": 33.24702074298149}, "FOM_$_yr": {"Great": 3477497.754945667, "Good": 3477497.754945667, "OK": 3477497.754945667}, "VOM_other_$_mwh": {"Great": 0, "Good": 0, "OK": 0}, "VOM_other_$_yr": {"Great": 0, "Good": 0, "OK": 0}, "VOM_H2O_$_mwh": {"Great": [0.13755223880597015, 0.13755223880597015], "Good": [0.13755223880597015, 0.13755223880597015], "OK": [0.13755223880597015, 0.13755223880597015]}, "VOM_H2O_$_yr": {"Great": [126033.46996773078, 126033.46996773078], "Good": [126033.46996773078, 126033.46996773078], "OK": [126033.46996773078, 126033.46996773078]}, "VOM_NG_$_mwh": {"Great": [0.0, 0.0], "Good": [0.0, 0.0], "OK": [0.0, 0.0]}, "VOM_NG_$_yr": {"Great": [0.0, 0.0], "Good": [0.0, 0.0], "OK": [0.0, 0.0]}, "VOM_cat_$_mwh": {"Great": 0.004477611940298508, "Good": 0.004477611940298508, "OK": 0.004477611940298508}, "VOM_cat_$_yr": {"Great": 4102.652017178737, "Good": 4102.652017178737, "OK": 4102.652017178737}, "VOM_TS_$_mwh": {"Great": 0.0, "Good": 0.0, "OK": 0.0}, "VOM_TS_$_yr": {"Great": 0.0, "Good": 0.0, "OK": 0.0}, "basis_year": 2020, "plant_lifespan": 30, "discount_rate": 0.0707, "TASC_multiplier": 1.093}, "MPSR": {"capex_mil_kt_y_A": 4.32609069398731, "capex_mil_kt_y_B": 0.2734229091112906, "OCC_$_kw": {"Great": 1635.9218013031937, "Good": 1696.7539424898741, "OK": 1752.2865943845047}, "OCC_$": {"Great": 189749534.00948274, "Good": 172204738.6080828, "OK": 158080698.75647646}, "FOM_$_kwyr": {"Great": 32.44925622801565, "Good": 33.483816452278916, "OK": 34.428249307629784}, "FOM_$_yr": {"Great": 3763768.6858353224, "Good": 3398295.8373471554, "OK": 3105908.4312768853}, "VOM_other_$_mwh": {"Great": 0, "Good": 0, "OK": 0}, "VOM_other_$_yr": {"Great": 0, "Good": 0, "OK": 0}, "VOM_H2O_$_mwh": {"Great": [0.13755223880597015, 0.13755223880597015], "Good": [0.13755223880597015, 0.13755223880597015], "OK": [0.13755223880597012, 0.13755223880597012]}, "VOM_H2O_$_yr": {"Great": [139762.2705343944, 139762.2705343944], "Good": [122291.98671759508, 122291.98671759508], "OK": [108703.98819341784, 108703.98819341784]}, "VOM_NG_$_mwh": {"Great": [0.0, 0.0], "Good": [0.0, 0.0], "OK": [0.0, 0.0]}, "VOM_NG_$_yr": {"Great": [0.0, 0.0], "Good": [0.0, 0.0], "OK": [0.0, 0.0]}, "VOM_cat_$_mwh": {"Great": 0.004477611940298507, "Good": 0.005373134328358209, "OK": 0.006268656716417911}, "VOM_cat_$_yr": {"Great": 4549.5530772914835, "Good": 4777.030731156057, "OK": 4953.95779527295}, "VOM_TS_$_mwh": {"Great": 0.0, "Good": 0.0, "OK": 0.0}, "VOM_TS_$_yr": {"Great": 0.0, "Good": 0.0, "OK": 0.0}, "basis_year": 2020, "plant_lifespan": 30, "discount_rate": 0.0707, "TASC_multiplier": 1.093}, "MSMR": {"OCC_$_kw": {"Great": 1.3265604033239462, "Good": 1.3265604033239462, "OK": 1.3265604033239462}, "OCC_$": {"Great": 2845201.499209641,