{"NGCC": {"heat_rate_btu_wh": {"Advanced": [6.36, 6.36, 6.36, 6.36, 6.36, 6.36, 6.36], "Moderate": [6.36, 6.36, 6.36, 6.36, 6.36, 6.36, 6.36], "Conservative": [6.36, 6.36, 6.36, 6.36, 6.36, 6.36, 6.36]}}, "CCS": {"heat_rate_btu_wh": {"Advanced": [7.16, 7.16, 6.44, 5.67, 5.18, 5.18, 5.18], "Moderate": [7.16, 7.16, 6.8, 6.42, 6.17, 6.17, 6.17], "Conservative": [7.16, 7.16, 7.16, 7.16, 7.16, 7.16, 7.16]}}, "PV": {"bifaciality": {"Advanced": [0, 0.425, 0.85, 0.85, 0.85, 0.85, 0.85], "Moderate": [0, 0.425, 0.85, 0.85, 0.85, 0.85, 0.85], "Conservative": [0, 0, 0, 0, 0, 0, 0]}, "albedo": {"Advanced": [0.2, 0.25, 0.3, 0.3, 0.3, 0.3, 0.3], "Moderate": [0.2, 0.2, 0.2, 0.2, 0.2, 0.2, 0.2], "Conservative": [0.2, 0.2, 0.2, 0.2, 0.2, 0.2, 0.2]}, "losses": {"Advanced": [14.3, 10.9, 7.5, 7.5, 7.5, 7.5, 7.5], "Moderate": [14.3, 12.350000000000001, 10.4, 10.4, 10.4, 10.4, 10.4], "Conservative": [14.3, 14.3, 14.3, 14.3, 14.3, 14.3, 14.3]}, "dc_degradation": {"Advanced": [0.7, 0.45, 0.2, 0.2, 0.2, 0.2, 0.2], "Moderate": [0.7, 0.6, 0.5, 0.5, 0.5, 0.5, 0.5], "Conservative": [0.7, 0.7, 0.7, 0.7, 0.7, 0.7, 0.7]}, "inv_eff": {"Advanced": [96, 97.25, 98.5, 98.5, 98.5, 98.5, 98.5], "Moderate": [96, 97, 98, 98, 98, 98, 98], "Conservative": [96, 96, 96, 96, 96, 96, 96]}, "capacity_factor": {"Advanced": [0.24546183884659542, 0.2673538322176345, 0.2892458255886736, 0.29238980195376785, 0.2955337783188621, 0.2986777546839563, 0.30182173104905075], "Moderate": [0.24368540488531945, 0.2566952284499786, 0.2697050520146378, 0.2745902454081468, 0.2794754388016558, 0.28436063219516483, 0.2892458255886736], "Conservative": [0.24108344017238761, 0.24108344017238761, 0.24108344017238761, 0.2482388431329501, 0.25539424609351263, 0.26254964905407513, 0.2697050520146378]}, "array_type": {"Advanced": [2, 2, 2, 2, 2, 2, 2], "Moderate": [2, 2, 2, 2, 2, 2, 2], "Conservative": [2, 2, 2, 2, 2, 2, 2]}, "azimuth": {"Advanced": [180, 180, 180, 180, 180, 180, 180], "Moderate": [180, 180, 180, 180, 180, 180, 180], "Conservative": [180, 180, 180, 180, 180, 180, 180]}, "dc_ac_ratio": {"Advanced": [1.28, 1.28, 1.28, 1.28, 1.28, 1.28, 1.28], "Moderate": [1.28, 1.28, 1.28, 1.28, 1.28, 1.28, 1.28], "Conservative": [1.28, 1.28, 1.28, 1.28, 1.28, 1.28, 1.28]}}, "LBW": {"hub_height": {"Advanced": [90.2, 112.6, 135, 135, 135, 135, 135], "Moderate": [90.2, 105.10000000000001, 120, 120, 120, 120, 120], "Conservative": [90.2, 100.1, 110, 110, 110, 110, 110]}, "rotor_diameter": {"Advanced": [124.9, 162.45, 200, 200, 200, 200, 200], "Moderate": [124.9, 149.95, 175, 175, 175, 175, 175], "Conservative": [124.9, 137.45, 150, 150, 150, 150, 150]}, "turbine_rating_kw": {"Advanced": [2800, 4900, 7000, 7000, 7000, 7000, 7000], "Moderate": [2800, 4150, 5500, 5500, 5500, 5500, 5500], "Conservative": [2800, 3400, 4000, 4000, 4000, 4000, 4000]}, "capacity_factor": {"Advanced": [0.437, 0.46724750000000004, 0.497495, 0.5037136875000001, 0.509932375, 0.5161510625, 0.5223697500000001], "Moderate": [0.437, 0.45380400000000004, 0.470608, 0.4735493, 0.4764906, 0.47943189999999997, 0.4823732], "Conservative": [0.437, 0.4384995, 0.439999, 0.4413739968749999, 0.4427489937499999, 0.44412399062499996, 0.44549898749999994]}, "wind_turbine_max_cp": {"Advanced": [0.45, 0.45, 0.45, 0.45, 0.45, 0.45, 0.45], "Moderate": [0.45, 0.45, 0.45, 0.45, 0.45, 0.45, 0.45], "Conservative": [0.45, 0.45, 0.45, 0.45, 0.45, 0.45, 0.45]}, "avail_bop_loss": {"Advanced": [0, 0, 0, 0, 0, 0, 0], "Moderate": [0, 0, 0, 0, 0, 0, 0], "Conservative": [0, 0, 0, 0, 0, 0, 0]}, "avail_grid_loss": {"Advanced": [0, 0, 0, 0, 0, 0, 0], "Moderate": [0, 0, 0, 0, 0, 0, 0], "Conservative": [0, 0, 0, 0, 0, 0, 0]}, "avail_turb_loss": {"Advanced": [0, 0, 0, 0, 0, 0, 0], "Moderate": [0, 0, 0, 0, 0, 0, 0], "Conservative": [0, 0, 0, 0, 0, 0, 0]}, "elec_eff_loss": {"Advanced": [0, 0, 0, 0, 0, 0, 0], "Moderate": [0, 0, 0, 0, 0, 0, 0], "Conservative": [0, 0, 0, 0, 0, 0, 0]}, "elec_parasitic_loss": {"Advanced": [0, 0, 0, 0, 0, 0, 0], "Moderate": [0, 0, 0, 0, 0, 0, 0], "Conservative": [0, 0, 0, 0, 0, 0, 0]}, "env_degrad_loss": {"Advanced": [0, 0, 0, 0, 0, 0, 0], "Moderate": [0, 0, 0, 0, 0, 0, 0], "Conservative": [0, 0, 0, 0, 0, 0, 0]}, "env_env_loss": {"Advanced": [0, 0, 0, 0, 0, 0, 0], "Moderate": [0, 0, 0, 0, 0, 0, 0], "Conservative": [0, 0, 0, 0, 0, 0, 0]}, "env_icing_loss": {"Advanced": [0, 0, 0, 0, 0, 0, 0], "Moderate": [0, 0, 0, 0, 0, 0, 0], "Conservative": [0, 0, 0, 0, 0, 0, 0]}, "ops_env_loss": {"Advanced": [0, 0, 0, 0, 0, 0, 0], "Moderate": [0, 0, 0, 0, 0, 0, 0], "Conservative": [0, 0, 0, 0, 0, 0, 0]}, "ops_grid_loss": {"Advanced": [0, 0, 0, 0, 0, 0, 0], "Moderate": [0, 0, 0, 0, 0, 0, 0], "Conservative": [0, 0, 0, 0, 0, 0, 0]}, "ops_load_loss": {"Advanced": [0, 0, 0, 0, 0, 0, 0], "Moderate": [0, 0, 0, 0, 0, 0, 0], "Conservative": [0, 0, 0, 0, 0, 0, 0]}, "turb_generic_loss": {"Advanced": [0, 0, 0, 0, 0, 0, 0], "Moderate": [0, 0, 0, 0, 0, 0, 0], "Conservative": [0, 0, 0, 0, 0, 0, 0]}, "turb_hysteresis_loss": {"Advanced": [0, 0, 0, 0, 0, 0, 0], "Moderate": [0, 0, 0, 0, 0, 0, 0], "Conservative": [0, 0, 0, 0, 0, 0, 0]}, "turb_perf_loss": {"Advanced": [0, 0, 0, 0, 0, 0, 0], "Moderate": [0, 0, 0, 0, 0, 0, 0], "Conservative": [0, 0, 0, 0, 0, 0, 0]}, "turb_specific_loss": {"Advanced": [0, 0, 0, 0, 0, 0, 0], "Moderate": [0, 0, 0, 0, 0, 0, 0], "Conservative": [0, 0, 0, 0, 0, 0, 0]}, "wake_ext_loss": {"Advanced": [0, 0, 0, 0, 0, 0, 0], "Moderate": [0, 0, 0, 0, 0, 0, 0], "Conservative": [0, 0, 0, 0, 0, 0, 0]}}, "OSW": {"hub_height": {"Advanced": [102, 131.5, 161, 161, 161, 161, 161], "Moderate": [102, 126, 150, 150, 150, 150, 150], "Conservative": [102, 119, 136, 136, 136, 136, 136]}, "rotor_diameter": {"Advanced": [159, 211, 263, 263, 263, 263, 263], "Moderate": [159, 199.5, 240, 240, 240, 240, 240], "Conservative": [159, 186.5, 214, 214, 214, 214, 214]}, "turbine_rating_kw": {"Advanced": [8000, 13000, 18000, 18000, 18000, 18000, 18000], "Moderate": [8000, 11500, 15000, 15000, 15000, 15000, 15000], "Conservative": [8000, 10000, 12000, 12000, 12000, 12000, 12000]}, "capacity_factor": {"Advanced": [0.44907588276565047, 0.48721920146866854, 0.5162474055028394, 0.5285654601018946, 0.5393948528740334, 0.5493251241991768, 0.5586526815845119], "Moderate": [0.44568740778784954, 0.4756538633501721, 0.4980622181965897, 0.5080278326296161, 0.5167681517159535, 0.5247697504839806, 0.5322768477268028], "Conservative": [0.43726833246992336, 0.4495627136007842, 0.4581261509854553, 0.4629982029001483, 0.46727648745556294, 0.47119840495695803, 0.4748825990440661]}, "wind_turbine_max_cp": {"Advanced": [0.45, 0.45, 0.45, 0.45, 0.45, 0.45, 0.45], "Moderate": [0.45, 0.45, 0.45, 0.45, 0.45, 0.45, 0.45], "Conservative": [0.45, 0.45, 0.45, 0.45, 0.45, 0.45, 0.45]}, "avail_bop_loss": {"Advanced": [0, 0, 0, 0, 0, 0, 0], "Moderate": [0, 0, 0, 0, 0, 0, 0], "Conservative": [0, 0, 0, 0, 0, 0, 0]}, "avail_grid_loss": {"Advanced": [0, 0, 0, 0, 0, 0, 0], "Moderate": [0, 0, 0, 0, 0, 0, 0], "Conservative": [0, 0, 0, 0, 0, 0, 0]}, "avail_turb_loss": {"Advanced": [0, 0, 0, 0, 0, 0, 0], "Moderate": [0, 0, 0, 0, 0, 0, 0], "Conservative": [0, 0, 0, 0, 0, 0, 0]}, "elec_eff_loss": {"Advanced": [0, 0, 0, 0, 0, 0, 0], "Moderate": [0, 0, 0, 0, 0, 0, 0], "Conservative": [0, 0, 0, 0, 0, 0, 0]}, "elec_parasitic_loss": {"Advanced": [0, 0, 0, 0, 0, 0, 0], "Moderate": [0, 0, 0, 0, 0, 0, 0], "Conservative": [0, 0, 0, 0, 0, 0, 0]}, "env_degrad_loss": {"Advanced": [0, 0, 0, 0, 0, 0, 0], "Moderate": [0, 0, 0, 0, 0, 0, 0], "Conservative": [0, 0, 0, 0, 0, 0, 0]}, "env_env_loss": {"Advanced": [0, 0, 0, 0, 0, 0, 0], "Moderate": [0, 0, 0, 0, 0, 0, 0], "Conservative": [0, 0, 0, 0, 0, 0, 0]}, "env_icing_loss": {"Advanced": [0, 0, 0, 0, 0, 0, 0], "Moderate": [0, 0, 0, 0, 0, 0, 0], "Conservative": [0, 0, 0, 0, 0, 0, 0]}, "ops_env_loss": {"Advanced": [0, 0, 0, 0, 0, 0, 0], "Moderate": [0, 0, 0, 0, 0, 0, 0], "Conservative": [0, 0, 0, 0, 0, 0, 0]}, "ops_grid_loss": {"Advanced": [0, 0, 0, 0, 0, 0, 0], "Moderate": [0, 0, 0, 0, 0, 0, 0],