{"NGCC": {"toc_kw": {"Advanced": [947.0, 858.0, 832.0, 813.0, 796.0, 779.0, 764.0], "Moderate": [947.0, 858.0, 832.0, 813.0, 796.0, 779.0, 764.0], "Conservative": [947.0, 858.0, 832.0, 813.0, 796.0, 779.0, 764.0]}, "foc_kw_yr": {"Advanced": [28.0, 28.0, 28.0, 28.0, 28.0, 28.0, 28.0], "Moderate": [28.0, 28.0, 28.0, 28.0, 28.0, 28.0, 28.0], "Conservative": [28.0, 28.0, 28.0, 28.0, 28.0, 28.0, 28.0]}, "voc_kwh": {"Advanced": [0.0017573867899971, 0.0017573867899971, 0.0017573867899971, 0.0017573867899971, 0.0017573867899971, 0.0017573867899971, 0.0017573867899971], "Moderate": [0.0017573867899971, 0.0017573867899971, 0.0017573867899971, 0.0017573867899971, 0.0017573867899971, 0.0017573867899971, 0.0017573867899971], "Conservative": [0.0017573867899971, 0.0017573867899971, 0.0017573867899971, 0.0017573867899971, 0.0017573867899971, 0.0017573867899971, 0.0017573867899971]}}, "CCS": {"toc_kw": {"Advanced": [2399.0, 1767.0, 1582.0, 1398.0, 1256.0, 1200.0, 1148.0], "Moderate": [2399.0, 1966.0, 1825.0, 1691.0, 1578.0, 1508.0, 1443.0], "Conservative": [2399.0, 2165.0, 2068.0, 1983.0, 1900.0, 1816.0, 1737.0]}, "foc_kw_yr": {"Advanced": [67.0, 59.0, 57.0, 55.0, 53.0, 53.0, 53.0], "Moderate": [67.0, 63.0, 62.0, 61.0, 60.0, 60.0, 60.0], "Conservative": [67.0, 67.0, 67.0, 67.0, 67.0, 67.0, 67.0]}, "voc_kwh": {"Advanced": [0.0058062496293099, 0.0058062496293099, 0.0058062496293099, 0.0058062496293099, 0.0058062496293099, 0.0058062496293099, 0.0058062496293099], "Moderate": [0.0058062496293099, 0.0058062496293099, 0.0058062496293099, 0.0058062496293099, 0.0058062496293099, 0.0058062496293099, 0.0058062496293099], "Conservative": [0.0058062496293099, 0.0058062496293099, 0.0058062496293099, 0.0058062496293099, 0.0058062496293099, 0.0058062496293099, 0.0058062496293099]}}, "PV": {"toc_kw": {"Advanced": [1302.7736478333236, 901.0935706517199, 603.4605339663697, 566.3509864765226, 529.2414389866756, 492.1318914968287, 455.02234400698256], "Moderate": [1302.7736478333236, 959.2581639762752, 734.3308689466195, 701.613285201557, 668.8957014564945, 636.178117711432, 603.4605339663697], "Conservative": [1302.7736478333236, 1130.2271340180098, 1119.011051540522, 1022.8410058920465, 926.670960243571, 830.5009145950955, 734.3308689466195]}, "foc_kw_yr": {"Advanced": [22.62369024, 17.25120902918049, 13.252328128517522, 12.632037025323795, 12.028375040804208, 11.439173159479529, 10.8626238684504], "Moderate": [22.62369024, 18.165351904966844, 15.221571729346822, 14.720609193072546, 14.225717980354025, 13.736431066302353, 13.252328128517522], "Conservative": [22.62369024, 20.278730602272248, 19.953906380388023, 18.76911135417155, 17.585483166675196, 16.40298248625671, 15.221571729346822]}, "voc_kwh": {"Advanced": [0.0, 0.0, 0.0, 0.0, 0.0, 0.0, 0.0], "Moderate": [0.0, 0.0, 0.0, 0.0, 0.0, 0.0, 0.0], "Conservative": [0.0, 0.0, 0.0, 0.0, 0.0, 0.0, 0.0]}}, "LBW": {"toc_kw": {"Advanced": [1405.1658156023161, 1038.9769129043116, 672.7880102063073, 630.738759568413, 588.6895089305189, 546.6402582926246, 504.59100765473045], "Moderate": [1405.1658156023161, 1159.117629012581, 913.0694424228456, 867.4159703017033, 821.762498180561, 776.1090260594187, 730.4555539382765], "Conservative": [1405.1658156023161, 1183.1457722342345, 961.1257288661533, 937.0975856444994, 913.0694424228456, 889.0412992011917, 865.0131559795379]}, "foc_kw_yr": {"Advanced": [43.0, 38.69, 34.38, 31.801500000000004, 29.223000000000003, 26.6445, 24.066], "Moderate": [43.0, 40.975, 38.95, 37.489375, 36.02875, 34.568124999999995, 33.1075], "Conservative": [43.0, 43.0, 43.0, 42.512375, 42.02475, 41.537125, 41.0495]}, "voc_kwh": {"Advanced": [0.0, 0.0, 0.0, 0.0, 0.0, 0.0, 0.0], "Moderate": [0.0, 0.0, 0.0, 0.0, 0.0, 0.0, 0.0], "Conservative": [0.0, 0.0, 0.0, 0.0, 0.0, 0.0, 0.0]}}, "OSW": {"toc_kw": {"Advanced": [2239.8312000480782, 1695.699854363748, 1535.3989171355952, 1436.3060888206946, 1364.3894833352626, 1307.906879529684, 1261.3901773026737], "Moderate": [2351.3176850846603, 1867.9679124079626, 1717.0364574515079, 1623.7355384928665, 1556.0224103656326, 1502.8411768712112, 1459.0433446919383], "Conservative": [2556.020818750216, 2232.126489752572, 2117.010610029617, 2045.8497153838803, 1994.2047066253776, 1953.643218099156, 1920.2384782937263]}, "foc_kw_yr": {"Advanced": [102.33303645943096, 84.09392768840878, 75.06561839396939, 69.01419350036117, 64.45599424136081, 60.798048230761275, 57.74273435761705], "Moderate": [107.23280416179153, 91.02918328014648, 83.00843496147024, 77.6323501976377, 73.58284681328468, 70.33312824943407, 67.61878796579502], "Conservative": [116.05333110108563, 105.22200323526694, 99.86052536539121, 96.26687570295903, 93.5599807953304, 91.38770291412082, 89.57329922211657]}, "VOM_$_mwh": {"Advanced": [0.0, 0.0, 0.0, 0.0, 0.0, 0.0, 0.0], "Moderate": [0.0, 0.0, 0.0, 0.0, 0.0, 0.0, 0.0], "Conservative": [0.0, 0.0, 0.0, 0.0, 0.0, 0.0, 0.0]}}}