{"NGCC": {"toc_kw": {"Advanced": [1066.30499149936, 1032.3024317560985, 975.6633364534183, 919.0242411507382, 876.5210414716613, 834.1133546008518, 791.6101549217749], "Moderate": [1066.30499149936, 1038.701789910027, 992.6646163250491, 946.6274427400714, 907.6582169668951, 868.6889911937191, 829.8152782288104], "Conservative": [1066.30499149936, 1045.0056352556876, 1009.6658961966798, 974.2306443294045, 938.7953924621291, 903.3601405948536, 868.0204015358458]}, "foc_kw_yr": {"Advanced": [29.704483371220082, 28.462816863741427, 26.457047890122062, 24.355766108235112, 23.305125217291636, 22.254484326348162, 21.203843435404686], "Moderate": [29.704483371220082, 28.84486809681178, 27.41217597279795, 25.883971040516535, 24.928842957840647, 23.97371487516476, 23.018586792488872], "Conservative": [29.704483371220082, 29.226919329882136, 28.367304055473838, 27.50768878106554, 26.64807350665724, 25.788458232248942, 24.928842957840647]}, "voc_kwh": {"Advanced": [0.001872051042044738, 0.0018147433570841849, 0.001719230548816596, 0.0016332690213757663, 0.0015759613364152133, 0.001528204932281419, 0.0014708972473208657], "Moderate": [0.001872051042044738, 0.0018242946379109439, 0.0017574356721236318, 0.0016905767063363198, 0.0016428203022025253, 0.001585512617241972, 0.0015377562131081777], "Conservative": [0.001872051042044738, 0.0018433971995644614, 0.0017956407954306671, 0.0017478843912968728, 0.0017001279871630786, 0.001652371583029284, 0.0016141664597222485]}}, "CCS": {"toc_kw": {"Advanced": [2274.6375288926242, 2079.6003744102086, 1754.570287875604, 1429.5402013409998, 1343.2921354753673, 1256.948556801467, 1170.6049781275667], "Moderate": [2274.6375288926242, 2144.453571223901, 1927.4484708399395, 1710.443370455978, 1612.7337675982349, 1515.1196775487592, 1417.5055874992836], "Conservative": [2274.6375288926242, 2209.211255229326, 2100.2311409960075, 1991.251026762689, 1882.2709125293702, 1773.2907982960512, 1664.3106840627327]}, "foc_kw_yr": {"Advanced": [60.84165886645399, 55.49294160346902, 46.514737626315686, 37.63204645742994, 35.53076467554299, 33.333970085388444, 31.2326883035015], "Moderate": [60.84165886645399, 57.403197768820796, 51.576916464497884, 45.75063516017497, 43.362814953485255, 40.97499474679554, 38.58717454010583], "Conservative": [60.84165886645399, 59.31345393417257, 56.63909530268008, 53.9647366711876, 51.29037803969512, 48.61601940820263, 45.94166077671016]}, "voc_kwh": {"Advanced": [0.004422243022789356, 0.0040974994746795545, 0.0035626277483810577, 0.003027756022082561, 0.0029131406521614544, 0.002808076563067107, 0.002693461193146001], "Moderate": [0.004422243022789356, 0.00422166612542742, 0.0038778200156641, 0.0035435251867275397, 0.003419358535979675, 0.0032951918852318096, 0.003171025234483944], "Conservative": [0.004422243022789356, 0.004336281495348526, 0.004202563563773902, 0.004059294351372519, 0.003925576419797894, 0.003782307207396512, 0.0036485892758218877]}}, "PV": {"toc_kw": {"Advanced": [1189.912971032303, 1108.2884690612298, 845.661146162742, 583.033823264254, 548.7899424759717, 514.5460616876893, 480.3021808994065], "Moderate": [1189.912971032303, 1150.1410312779544, 957.2679787406746, 764.3949262033941, 703.9412252236807, 643.4875242439674, 583.033823264254], "Conservative": [1189.912971032303, 1208.0511936924124, 1111.6950785125625, 1015.3389633327117, 931.6909509562728, 848.0429385798335, 764.3949262033941]}, "foc_kw_yr": {"Advanced": [21.517993593152557, 19.00918539216108, 15.73630287018848, 12.53552281888961, 12.068019357762228, 11.605223323177544, 11.146798470382503], "Moderate": [21.517993593152557, 19.56392367415307, 17.175269210643023, 14.822079110122948, 14.1783175488937, 13.534616133494138, 12.89097534975487], "Conservative": [21.517993593152557, 20.270254660796933, 19.03784583417553, 17.81961314552429, 16.90828576115683, 15.996969923030425, 15.085665591805233]}, "voc_kwh": {"Advanced": [0.0, 0.0, 0.0, 0.0, 0.0, 0.0, 0.0], "Moderate": [0.0, 0.0, 0.0, 0.0, 0.0, 0.0, 0.0], "Conservative": [0.0, 0.0, 0.0, 0.0, 0.0, 0.0, 0.0]}}, "LBW": {"toc_kw": {"Advanced": [1226.2727415965537, 1119.4579354974308, 985.9394278735218, 930.5423098294103, 875.1451917852929, 819.7480737411745, 764.3509556970572], "Moderate": [1226.2727415965537, 1141.1024166727443, 1034.6395105179947, 983.7019872526696, 932.764463987355, 881.8269407220309, 830.8894174567077], "Conservative": [1226.2727415965537, 1190.6678062301764, 1146.1616370222066, 1107.5194666013867, 1068.8772961805573, 1030.2351257597375, 991.5929553389082]}, "foc_kw_yr": {"Advanced": [28.94038090507937, 26.13942600967258, 22.638232390414238, 20.66809125072055, 18.69795011102695, 16.727808971333264, 14.757667831639573], "Moderate": [28.94038090507937, 27.53952638382137, 25.788458232248942, 24.904964755773747, 24.021471279298552, 23.137977802823357, 22.254484326348162], "Conservative": [28.94038090507937, 28.240142181227625, 27.364843776413014, 26.872308491489616, 26.379773206566217, 25.887237921642818, 25.394702636719423]}, "voc_kwh": {"Advanced": [0.0, 0.0, 0.0, 0.0, 0.0, 0.0, 0.0], "Moderate": [0.0, 0.0, 0.0, 0.0, 0.0, 0.0, 0.0], "Conservative": [0.0, 0.0, 0.0, 0.0, 0.0, 0.0, 0.0]}}, "OSW": {"toc_kw": {"Advanced": [2710.1736020550816, 2313.735566150233, 2095.0093695314577, 1959.799945155685, 1861.6717254237367, 1784.6027742426472, 1721.1320202140478], "Moderate": [2922.0570668244377, 2548.790568238492, 2342.8487711186344, 2215.542246916503, 2123.1495558160764, 2050.585233143564, 1990.8243021199037], "Conservative": [3330.3663719357496, 3045.6748782492614, 2888.602443255387, 2791.5053700692306, 2721.037183573146, 2665.6921539810273, 2620.1123101384283]}, "foc_kw_yr": {"Advanced": [96.98526825260804, 84.09553409784712, 75.06705233957281, 69.01551184824747, 64.45722551596474, 60.79920962922601, 57.74383739176015], "Moderate": [102.48215962597298, 91.03092217073234, 83.01002063521685, 77.63383317439366, 73.58425243415256, 70.33447179235273, 67.62007965786107], "Conservative": [112.87860528058047, 105.22401324507103, 99.86243295723375, 96.26871464688732, 93.56176803063182, 91.3894486533501, 89.57501030158747]}, "VOM_$_mwh": {"Advanced": [0.0, 0.0, 0.0, 0.0, 0.0, 0.0, 0.0], "Moderate": [0.0, 0.0, 0.0, 0.0, 0.0, 0.0, 0.0], "Conservative": [0.0, 0.0, 0.0, 0.0, 0.0, 0.0, 0.0]}}}