{"NGCC": {"heat_rate_btu_wh": {"Advanced": [6.363, 6.269, 6.112, 5.955, 5.955, 5.955, 5.955], "Moderate": [6.363, 6.316, 6.238, 6.159, 6.159, 6.159, 6.159], "Conservative": [6.363, 6.363, 6.363, 6.363, 6.363, 6.363, 6.363]}}, "CCS": {"heat_rate_btu_wh": {"Advanced": [7.22, 7.048, 6.761, 6.474, 6.474, 6.474, 6.474], "Moderate": [7.22, 7.134, 6.99, 6.847, 6.847, 6.847, 6.847], "Conservative": [7.22, 7.22, 7.22, 7.22, 7.22, 7.22, 7.22]}}, "PV": {"bifaciality": {"Advanced": [0, 0.425, 0.85, 0.85, 0.85, 0.85, 0.85], "Moderate": [0, 0.425, 0.85, 0.85, 0.85, 0.85, 0.85], "Conservative": [0, 0, 0, 0, 0, 0, 0]}, "albedo": {"Advanced": [0.2, 0.25, 0.3, 0.3, 0.3, 0.3, 0.3], "Moderate": [0.2, 0.2, 0.2, 0.2, 0.2, 0.2, 0.2], "Conservative": [0.2, 0.2, 0.2, 0.2, 0.2, 0.2, 0.2]}, "losses": {"Advanced": [0.143, 0.10899999999999999, 0.075, 0.075, 0.075, 0.075, 0.075], "Moderate": [0.143, 0.1235, 0.104, 0.104, 0.104, 0.104, 0.104], "Conservative": [0.143, 0.143, 0.143, 0.143, 0.143, 0.143, 0.143]}, "dc_degradation": {"Advanced": [0.007, 0.0045000000000000005, 0.002, 0.002, 0.002, 0.002, 0.002], "Moderate": [0.007, 0.006, 0.005, 0.005, 0.005, 0.005, 0.005], "Conservative": [0.007, 0.007, 0.007, 0.007, 0.007, 0.007, 0.007]}, "inv_eff": {"Advanced": [96, 97.25, 98.5, 98.5, 98.5, 98.5, 98.5], "Moderate": [96, 97, 98, 98, 98, 98, 98], "Conservative": [96, 96, 96, 96, 96, 96, 96]}, "capacity_factor": {"Advanced": [0.24738093626150556, 0.25852904879866506, 0.27246418947011447, 0.2863993301415639, 0.2898852612656448, 0.2933711923897257, 0.29685712351380666], "Moderate": [0.24738093626150556, 0.2537975724560726, 0.26181836769928135, 0.26983916294249016, 0.2753592186755147, 0.28087927440853927, 0.2863993301415639], "Conservative": [0.24738093626150556, 0.24738093626150556, 0.24738093626150556, 0.24738093626150556, 0.25486701182183374, 0.2623530873821619, 0.26983916294249016]}, "array_type": {"Advanced": [2, 2, 2, 2, 2, 2, 2], "Moderate": [2, 2, 2, 2, 2, 2, 2], "Conservative": [2, 2, 2, 2, 2, 2, 2]}, "azimuth": {"Advanced": [180, 180, 180, 180, 180, 180, 180], "Moderate": [180, 180, 180, 180, 180, 180, 180], "Conservative": [180, 180, 180, 180, 180, 180, 180]}, "dc_ac_ratio": {"Advanced": [1.28, 1.28, 1.28, 1.28, 1.28, 1.28, 1.28], "Moderate": [1.28, 1.28, 1.28, 1.28, 1.28, 1.28, 1.28], "Conservative": [1.28, 1.28, 1.28, 1.28, 1.28, 1.28, 1.28]}}, "LBW": {"hub_height": {"Advanced": [90.2, 112.6, 135, 135, 135, 135, 135], "Moderate": [90.2, 105.10000000000001, 120, 120, 120, 120, 120], "Conservative": [90.2, 100.1, 110, 110, 110, 110, 110]}, "rotor_diameter": {"Advanced": [124.9, 162.45, 200, 200, 200, 200, 200], "Moderate": [124.9, 149.95, 175, 175, 175, 175, 175], "Conservative": [124.9, 137.45, 150, 150, 150, 150, 150]}, "turbine_rating_kw": {"Advanced": [2800, 4900, 7000, 7000, 7000, 7000, 7000], "Moderate": [2800, 4150, 5500, 5500, 5500, 5500, 5500], "Conservative": [2800, 3400, 4000, 4000, 4000, 4000, 4000]}, "capacity_factor": {"Advanced": [0.44469, 0.472469901234567, 0.508116999999999, 0.509823999999999, 0.511531, 0.513238, 0.514945], "Moderate": [0.44469, 0.458354, 0.475434, 0.4773555, 0.479277, 0.4811985, 0.48312], "Conservative": [0.44469, 0.44713, 0.45018, 0.452925, 0.45567, 0.458415, 0.46116]}, "wind_turbine_max_cp": {"Advanced": [0.45, 0.45, 0.45, 0.45, 0.45, 0.45, 0.45], "Moderate": [0.45, 0.45, 0.45, 0.45, 0.45, 0.45, 0.45], "Conservative": [0.45, 0.45, 0.45, 0.45, 0.45, 0.45, 0.45]}, "avail_bop_loss": {"Advanced": [0, 0, 0, 0, 0, 0, 0], "Moderate": [0, 0, 0, 0, 0, 0, 0], "Conservative": [0, 0, 0, 0, 0, 0, 0]}, "avail_grid_loss": {"Advanced": [0, 0, 0, 0, 0, 0, 0], "Moderate": [0, 0, 0, 0, 0, 0, 0], "Conservative": [0, 0, 0, 0, 0, 0, 0]}, "avail_turb_loss": {"Advanced": [0, 0, 0, 0, 0, 0, 0], "Moderate": [0, 0, 0, 0, 0, 0, 0], "Conservative": [0, 0, 0, 0, 0, 0, 0]}, "elec_eff_loss": {"Advanced": [0, 0, 0, 0, 0, 0, 0], "Moderate": [0, 0, 0, 0, 0, 0, 0], "Conservative": [0, 0, 0, 0, 0, 0, 0]}, "elec_parasitic_loss": {"Advanced": [0, 0, 0, 0, 0, 0, 0], "Moderate": [0, 0, 0, 0, 0, 0, 0], "Conservative": [0, 0, 0, 0, 0, 0, 0]}, "env_degrad_loss": {"Advanced": [0, 0, 0, 0, 0, 0, 0], "Moderate": [0, 0, 0, 0, 0, 0, 0], "Conservative": [0, 0, 0, 0, 0, 0, 0]}, "env_env_loss": {"Advanced": [0, 0, 0, 0, 0, 0, 0], "Moderate": [0, 0, 0, 0, 0, 0, 0], "Conservative": [0, 0, 0, 0, 0, 0, 0]}, "env_icing_loss": {"Advanced": [0, 0, 0, 0, 0, 0, 0], "Moderate": [0, 0, 0, 0, 0, 0, 0], "Conservative": [0, 0, 0, 0, 0, 0, 0]}, "ops_env_loss": {"Advanced": [0, 0, 0, 0, 0, 0, 0], "Moderate": [0, 0, 0, 0, 0, 0, 0], "Conservative": [0, 0, 0, 0, 0, 0, 0]}, "ops_grid_loss": {"Advanced": [0, 0, 0, 0, 0, 0, 0], "Moderate": [0, 0, 0, 0, 0, 0, 0], "Conservative": [0, 0, 0, 0, 0, 0, 0]}, "ops_load_loss": {"Advanced": [0, 0, 0, 0, 0, 0, 0], "Moderate": [0, 0, 0, 0, 0, 0, 0], "Conservative": [0, 0, 0, 0, 0, 0, 0]}, "turb_generic_loss": {"Advanced": [0, 0, 0, 0, 0, 0, 0], "Moderate": [0, 0, 0, 0, 0, 0, 0], "Conservative": [0, 0, 0, 0, 0, 0, 0]}, "turb_hysteresis_loss": {"Advanced": [0, 0, 0, 0, 0, 0, 0], "Moderate": [0, 0, 0, 0, 0, 0, 0], "Conservative": [0, 0, 0, 0, 0, 0, 0]}, "turb_perf_loss": {"Advanced": [0, 0, 0, 0, 0, 0, 0], "Moderate": [0, 0, 0, 0, 0, 0, 0], "Conservative": [0, 0, 0, 0, 0, 0, 0]}, "turb_specific_loss": {"Advanced": [0, 0, 0, 0, 0, 0, 0], "Moderate": [0, 0, 0, 0, 0, 0, 0], "Conservative": [0, 0, 0, 0, 0, 0, 0]}, "wake_ext_loss": {"Advanced": [0, 0, 0, 0, 0, 0, 0], "Moderate": [0, 0, 0, 0, 0, 0, 0], "Conservative": [0, 0, 0, 0, 0, 0, 0]}}, "OSW": {"hub_height": {"Advanced": [102, 131.5, 161, 161, 161, 161, 161], "Moderate": [102, 126, 150, 150, 150, 150, 150], "Conservative": [102, 119, 136, 136, 136, 136, 136]}, "rotor_diameter": {"Advanced": [159, 211, 263, 263, 263, 263, 263], "Moderate": [159, 199.5, 240, 240, 240, 240, 240], "Conservative": [159, 186.5, 214, 214, 214, 214, 214]}, "turbine_rating_kw": {"Advanced": [8000, 13000, 18000, 18000, 18000, 18000, 18000], "Moderate": [8000, 11500, 15000, 15000, 15000, 15000, 15000], "Conservative": [8000, 10000, 12000, 12000, 12000, 12000, 12000]}, "capacity_factor": {"Advanced": [0.45838361448867754, 0.48721920146866854, 0.5162474055028394, 0.5285654601018946, 0.5393948528740334, 0.5493251241991768, 0.5586526815845119], "Moderate": [0.4530771432491494, 0.4756538633501721, 0.4980622181965897, 0.5080278326296161, 0.5167681517159535, 0.5247697504839806, 0.5322768477268028], "Conservative": [0.4404217389512443, 0.4495627136007842, 0.4581261509854553, 0.4629982029001483, 0.46727648745556294, 0.47119840495695803, 0.4748825990440661]}, "wind_turbine_max_cp": {"Advanced": [0.45, 0.45, 0.45, 0.45, 0.45, 0.45, 0.45], "Moderate": [0.45, 0.45, 0.45, 0.45, 0.45, 0.45, 0.45], "Conservative": [0.45, 0.45, 0.45, 0.45, 0.45, 0.45, 0.45]}, "avail_bop_loss": {"Advanced": [0, 0, 0, 0, 0, 0, 0], "Moderate": [0, 0, 0, 0, 0, 0, 0], "Conservative": [0, 0, 0, 0, 0, 0, 0]}, "avail_grid_loss": {"Advanced": [0, 0, 0, 0, 0, 0, 0], "Moderate": [0, 0, 0, 0, 0, 0, 0], "Conservative": [0, 0, 0, 0, 0, 0, 0]}, "avail_turb_loss": {"Advanced": [0, 0, 0, 0, 0, 0, 0], "Moderate": [0, 0, 0, 0, 0, 0, 0], "Conservative": [0, 0, 0, 0, 0, 0, 0]}, "elec_eff_loss": {"Advanced": [0, 0, 0, 0, 0, 0, 0], "Moderate": [0, 0, 0, 0, 0, 0, 0], "Conservative": [0, 0, 0, 0, 0, 0, 0]}, "elec_parasitic_loss": {"Advanced": [0, 0, 0, 0, 0, 0, 0], "Moderate": [0, 0, 0, 0, 0, 0, 0], "Conservative": [0, 0, 0, 0, 0, 0, 0]}, "env_degrad_loss": {"Advanced": [0, 0, 0, 0, 0, 0, 0], "Moderate": [0, 0, 0, 0, 0, 0, 0], "Conservative": [0, 0, 0, 0, 0, 0, 0]}, "env_env_loss": {"Advanced": [0, 0, 0, 0, 0, 0, 0], "Moderate": [0, 0, 0, 0, 0, 0, 0], "Conservative": [0, 0, 0, 0, 0, 0, 0]}, "env_icing_loss": {"Advanced": [0, 0, 0, 0, 0, 0, 0], "Moderate": [0, 0, 0, 0, 0, 0, 0], "Conservative": [0, 0, 0, 0, 0, 0, 0]}, "ops_env_loss": {"Advanced": [0, 0, 0, 0, 0, 0, 0], "Moderate": [0, 0, 0, 0, 0, 0, 0], "Conservative": [0, 0, 0, 0, 0, 0, 0]}, "ops_grid_loss": {"Advanced": [0, 0, 0, 0, 0, 0, 0],