{"AL": 1.475573891117465, "AR": 1.4847728161421851, "AZ": 1.4534922105716142, "CA": 3.285679198412909, "CO": 1.980962892214086, "CT": 2.289865165940677, "DE": 1.5057206440881012, "FL": 1.6806432467396493, "GA": 1.4920849145274437, "IA": 1.6271607383709772, "ID": 1.4863777269595766, "IL": 1.521924695882362, "IN": 1.6649289718803362, "KS": 1.828795264080322, "KY": 1.3053798797983855, "LA": 1.3569479009788874, "MA": 3.142776255611602, "MD": 1.5902104074860206, "ME": 2.136567591690653, "MI": 1.691706493013976, "MN": 1.9592050898603988, "MO": 1.6216951335577767, "MS": 1.3731975283771505, "MT": 1.5618071823813222, "NC": 1.321572874011288, "ND": 1.7823695192076292, "NE": 1.7377651393644324, "NH": 2.8692203263240637, "NJ": 2.012686494086798, "NM": 1.494893528398225, "NV": 1.410281904634719, "NY": 1.307836020723499, "OH": 1.4425386328406458, "OK": 1.350369901530876, "OR": 1.4358811184776041, "PA": 1.4593165084402422, "RI": 3.2477856695870617, "SC": 1.31295013050742, "SD": 2.0580137717549434, "TN": 1.2514957893808978, "TX": 1.4841687973827002, "UT": 1.4883095773971642, "VA": 1.4231687091749279, "VT": 2.535526716157544, "WA": 1.3623561895721743, "WI": 1.5994660521722253, "WV": 1.3359634400711973, "WY": 1.7144081895965322}